graph-set-id,exonym,endonym,scriptsource,wikipedia,omniglot,endangeredalphabets,unicodeproposal
*Adin-998,Adinkra,Adinkra,,,https://www.omniglot.com/writing/adinkra.htm,,https://www.unicode.org/L2/L2021/21020-adinkra.pdf
Adlm-166,Adlam,ğ¤€ğ¤£ğ¤¤ğ¤¢ğ¤¥ âˆ ADLaM (Alkule DandayÉ—e LeÃ±ol Mulugol),https://www.scriptsource.org/cms/scripts/page.php?item_id=script_detail&key=Adlm,https://en.wikipedia.org/wiki/Adlam_script,https://www.omniglot.com/writing/adlam.htm,,https://www.unicode.org/L2/L2013/13191-n4488-adlam.pdf
Ahom-338,Ahom âˆ Ã¢hom,ğ‘œ’ğ‘œ‘ğ‘œªğ‘œ¨ âˆ Ahom âˆ Tai Ahom,https://www.scriptsource.org/cms/scripts/page.php?item_id=script_detail&key=Ahom,https://en.wikipedia.org/wiki/Ahom_script,https://www.omniglot.com/writing/ahom.htm,,https://www.unicode.org/L2/L2012/12309r-n4321r.pdf
Hluw-080,Anatolian hieroglyphs âˆ Luwian Hieroglyphs âˆ Hittite Hieroglyphs âˆ hiÃ©roglyphes anatoliens âˆ hiÃ©roglyphes louvites,ğ”—·ğ”—¬ğ”‘ˆğ”“¯,https://www.scriptsource.org/cms/scripts/page.php?item_id=script_detail&key=Hluw,https://en.wikipedia.org/wiki/Anatolian_hieroglyphs,https://omniglot.com/writing/luwian.htm,,https://www.unicode.org/L2/L2012/12213-n4282-anatolian.pdf
Sarb-105,Ancient South Arabian âˆ Old South Arabian âˆ sud-arabique âˆ himyarite âˆ Sayhadic,ğ©£ğ©¯ğ©¬ğ©µ âˆ ğ©«ğ©¡ğ©¨ğ©§,https://www.scriptsource.org/cms/scripts/page.php?item_id=script_detail&key=Sarb,https://en.wikipedia.org/wiki/Ancient_South_Arabian_script,https://omniglot.com/writing/southarabian.htm,,https://www.unicode.org/L2/L2007/07287-n3296-south-arabian.pdf
Armn-230,Armenian âˆ armÃ©nien,Õ€Õ¡ÕµÕ¸Ö Õ£Ö€Õ¥Ö€ âˆ Ô²Õ¢ÕˆÕ¸,https://www.scriptsource.org/cms/scripts/page.php?item_id=script_detail&key=Armn,https://en.wikipedia.org/wiki/Armenian_numerals,https://www.omniglot.com/writing/armenian.htm,,
Avst-134,Avestan âˆ avestique,ğ¬€ğ¬¬ğ¬¯ğ¬™ğ¬ğ¬¥ âˆ ğ¬‘ğ¬€ğ¬­ğ¬›,https://www.scriptsource.org/cms/scripts/page.php?item_id=script_detail&key=Avst,https://en.wikipedia.org/wiki/Avestan_alphabet,https://omniglot.com/writing/avestan.htm,,https://www.unicode.org/L2/L2007/07006r-n3197r-avestan.pdf
*Avoi-999,Avoiuli,Avoiuli,,https://en.wikipedia.org/wiki/Avoiuli,https://www.omniglot.com/writing/avoiuli.htm,,
*Bada-998,Badaga âˆ Badugu,à®ªà®Ÿà¯à®•à¯ âˆ à²¬à²¡à²—,,https://en.wikipedia.org/wiki/Badaga_language,https://omniglot.com/writing/badagu.htm,,https://www.unicode.org/L2/L2022/22220-introducing-badagu-script.pdf
*Baga-999,Bagam âˆ Mengaka,Bagam,https://www.scriptsource.org/cms/scripts/page.php?item_id=script_detail&key=Qabh,https://en.wikipedia.org/wiki/Bagam_script,,,https://www.unicode.org/L2/L2012/12229-n4293-bagam.pdf
Bali-360,Balinese âˆ balinais,á¬ªá¬µá¬±á¬©á¬®á¬¶ âˆ á¬…á¬“á­„á¬±á¬­á¬©á¬®á¬¶ âˆ á¬…á¬“á­„á¬±á¬­,https://www.scriptsource.org/cms/scripts/page.php?item_id=script_detail&key=Bali,https://en.wikipedia.org/wiki/Balinese_script,https://www.omniglot.com/writing/balinese.htm,,https://www.unicode.org/L2/L2005/05008-n2908-balinese.pdf
*Balb-998,Balti-B âˆ Balti B,Shigar Lipi,https://www.scriptsource.org/cms/scripts/page.php?item_id=script_detail&key=Qa63,,https://omniglot.com/writing/baltib.htm,,https://www.unicode.org/L2/L2011/11103-balti-b.pdf
Bamu-435,Bamum âˆ bamoum,êš êš¡êš¢êš£ âˆ êš¢ğ– ¤êš´ğ–  âˆ Mfemfe,https://www.scriptsource.org/cms/scripts/page.php?item_id=script_detail&key=Bamu,https://en.wikipedia.org/wiki/Bamum_script,https://omniglot.com/writing/bamumsyllabary.htm,,https://www.unicode.org/L2/L2008/08350-n3522-bamum.pdf
Beng-325,Bengali âˆ bengalÃ® âˆ Oxomiya,à¦¬à¦¾à¦‚à¦²à¦¾-à¦…à¦¸à¦®à§€à¦¯à¦¼à¦¾ âˆ à¦¸à¦®à¦¤à¦¨ âˆ Bangla âˆ Asamiya âˆ Assamese,https://www.scriptsource.org/cms/scripts/page.php?item_id=script_detail&key=Beng,https://en.wikipedia.org/wiki/Bengali%E2%80%93Assamese_script,https://omniglot.com/writing/bengali.htm,,https://www.unicode.org/L2/L2019/19079-bangla-letters.pdf
Bhks-334,Bhaiksuki âˆ bhaÃ¯ksukÃ® âˆ Arrow-Headed âˆ Point-Headed âˆ Sindhura,ğ‘°¥ğ‘°¹ğ‘°ğ‘°¿ğ‘°¬ğ‘°²ğ‘°ğ‘°± âˆ ğ‘°­ğ‘°¨ğ‘°ªğ‘°¦,https://www.scriptsource.org/cms/scripts/page.php?item_id=script_detail&key=Bhks,https://en.wikipedia.org/wiki/Bhaiksuki_script,https://omniglot.com/writing/bhaiksuki.htm,,https://www.unicode.org/L2/L2014/14091-bhaiksuki.pdf
Blis-550,Blissymbols âˆ symboles Bliss âˆ Augmentative and Alternative Communication (AAC) âˆ Blissymbolics,Blissymbols âˆ Semantography,https://www.scriptsource.org/cms/scripts/page.php?item_id=script_detail&key=Blis,https://en.wikipedia.org/wiki/Blissymbols,,,https://www.unicode.org/L2/L2023/23138-n5228-blissymbols.pdf
Phlv-133,Book Pahlavi âˆ pehlevi des livres,Book Pahlavi,https://www.scriptsource.org/cms/scripts/page.php?item_id=script_detail&key=Phlv,https://en.wikipedia.org/wiki/Pahlavi_scripts#Book_Pahlavi,https://www.omniglot.com/writing/mpersian.htm,,https://www.unicode.org/L2/L2024/24040-book-pahlavi.pdf
*Boxh-998,Box-Headed,Box-Headed,,,,,https://www.unicode.org/L2/L2024/24100-box-headed-script.pdf
Brah-300,Brahmi âˆ brahma,ğ‘€©ğ‘†ğ‘€­ğ‘€¸ğ‘€³ğ‘†ğ‘€«ğ‘€»ğ‘€®ğ‘€ºğ‘€§ğ‘€º âˆ ğ‘€“ğ‘€®ğ‘€©ğ‘€­,https://www.scriptsource.org/cms/scripts/page.php?item_id=script_detail&key=Brah,https://en.wikipedia.org/wiki/Brahmi_script,https://omniglot.com/writing/brahmi.htm,,https://www.unicode.org/L2/L2007/07342-brahmi.pdf
Brah-300,Brahmi âˆ brahma,ğ‘€©ğ‘†ğ‘€­ğ‘€¸ğ‘€³ğ‘†ğ‘€«ğ‘€»ğ‘€®ğ‘€ºğ‘€§ğ‘€º âˆ ğ‘€“ğ‘€®ğ‘€©ğ‘€­,https://www.scriptsource.org/cms/scripts/page.php?item_id=script_detail&key=Brah,https://en.wikipedia.org/wiki/Brahmi_script,https://omniglot.com/writing/brahmi.htm,,https://www.unicode.org/L2/L2007/07342-brahmi.pdf
*Bete-998,BÃ©tÃ© âˆ Daloa,,https://www.scriptsource.org/cms/scripts/page.php?item_id=script_detail&key=Qa00,https://en.wikipedia.org/wiki/B%C3%A9t%C3%A9_syllabary,https://omniglot.com/writing/betedaloa.htm,,https://www.unicode.org/L2/L2019/19044-bete-script.pdf
Aghb-239,Caucasian Albanian âˆ Old Udi âˆ aghbanien,ğ”°ğ”±ğ”²ğ”³ğ”´ âˆ Caucasian Albanian,https://www.scriptsource.org/cms/scripts/page.php?item_id=script_detail&key=Aghb,https://en.wikipedia.org/wiki/Caucasian_Albanian_script,https://www.omniglot.com/writing/caucasianalbanian.htm,,https://www.unicode.org/L2/L2011/11296r-n4131r-caucasian-albanian.pdf
Cakm-349,Chakma âˆ chakma,ğ‘„Œğ‘„‹ğ‘„´ğ‘„Ÿğ‘„³ğ‘„¦ ğ‘„ğ‘„Œğ‘„´ âˆ ğ‘„ğ‘„‡ğ‘„Ÿğ‘„š âˆ Ojhapath âˆ Ojhopath âˆ Ajhapath,https://www.scriptsource.org/cms/scripts/page.php?item_id=script_detail&key=Cakm,https://en.wikipedia.org/wiki/Chakma_script,https://omniglot.com/writing/chakma.htm,,https://www.unicode.org/L2/L2009/09187r-n3645r-chakma.pdf
Cham-358,Cham (Eastern) âˆ cham âˆ tcham âˆ Äam,ê¨€ê¨‡ê©‰ ê¨Œê©Œ âˆ ê¨§ê¨£ê¨ ê¨˜,https://www.scriptsource.org/cms/scripts/page.php?item_id=script_detail&key=Cham,https://en.wikipedia.org/wiki/Cham_script,https://omniglot.com/writing/cham.htm,,https://www.unicode.org/L2/L2006/06257-n3120-cham.pdf
*Chaw-998,Cham (Western),Ka-Kha,,https://en.wikipedia.org/wiki/Cham_script,https://omniglot.com/writing/cham.htm,,https://www.unicode.org/L2/L2022/22095-western-cham.pdf
Cher-445,Cherokee âˆ tchÃ©rokÃ®,á£á³á© á¦á¬á‚á¯áá— âˆ á£á³á© âˆ á‚ê®’á¦ê­¶ âˆ Tsalagi,https://www.scriptsource.org/cms/scripts/page.php?item_id=script_detail&key=Cher,https://en.wikipedia.org/wiki/Cherokee_syllabary,https://www.omniglot.com/writing/cherokee.htm,,
Chis-298,Chisoi âˆ chisoi âˆ Kurmali,Chisoi,https://www.scriptsource.org/cms/scripts/page.php?item_id=script_detail&key=Chis,https://en.wikipedia.org/wiki/Kurmali_language,https://omniglot.com/writing/chisoi.htm,,https://www.unicode.org/L2/L2022/22218r3-chisoi.pdf
Chrs-109,Chorasmian âˆ chorasmien âˆ Khwarezmian,ğ¾³ğ¾²ğ¾²ğ¿‹ğ¾²ğ¾²ğ¾½ğ¾» âˆ KhwÄrezmian âˆ xvÄrazm,https://www.scriptsource.org/cms/scripts/page.php?item_id=script_detail&key=Chrs,https://en.wikipedia.org/wiki/Khwarezmian_language#Writing_system,https://www.omniglot.com/writing/chorasmian.htm,,https://www.unicode.org/L2/L2018/18164r2-chorasmian.pdf
*Cist-998,Cistercian,Cistercian,,https://en.wikipedia.org/wiki/Cistercian_numerals,,,https://www.unicode.org/L2/L2020/20290-cistercian-digits.pdf
Copt-204,Coptic âˆ copte,Ï¯â²™â²‰â²§â²£â²‰â²™â²›Ì€â²­â²â²™â²“ âˆ â²¤â²¥â²â²Ÿ,https://www.scriptsource.org/cms/scripts/page.php?item_id=script_detail&key=Copt,https://en.wikipedia.org/wiki/Coptic_script,https://www.omniglot.com/writing/coptic.htm,,https://www.unicode.org/L2/L2011/11062r-coptic-epact.pdf
Deva-315,Devanagari âˆ Mukta âˆ Hindu,à¤¦à¥‡à¤µà¤¨à¤¾à¤—à¤°à¥€,https://www.scriptsource.org/cms/scripts/page.php?item_id=script_detail&key=Deva,https://en.wikipedia.org/wiki/Devanagari,https://www.omniglot.com/writing/devanagari.htm,,https://www.unicode.org/L2/L2007/07354-north-indic.pdf
Diak-342,Dives Akuru âˆ dives akuru âˆ Dhives Akuru âˆ Dhivehi Akuru âˆ Divehi Akuru,ğ‘¤ğ‘¤±ğ‘¤©ğ‘¤´ğ‘¤­ğ‘¤± ğ‘¤¥ğ‘¤Œğ‘¤³ğ‘¤§ğ‘¤³,https://www.scriptsource.org/cms/scripts/page.php?item_id=script_detail&key=Diak,https://en.wikipedia.org/wiki/Dhives_Akuru,https://omniglot.com/writing/dhivesakuru.htm,,https://www.unicode.org/L2/L2018/18016r-dives-akuru.pdf
*Diwq-998,Diwani Siyaq âˆ Dewani,Diwani Siyaq,https://www.scriptsource.org/cms/scripts/page.php?item_id=script_detail&key=Arab,,,,https://www.unicode.org/L2/L2015/15066r-diwani-siyaq.pdf
Dogr-328,Dogra âˆ dogra âˆ Name Dogra Akkhar âˆ Dogra Akkhar,ğ‘ –ğ‘ µğ‘ Œğ‘ ¤ğ‘ ¬ âˆ ğ‘ €ğ‘ “ğ‘ —ğ‘ •,https://www.scriptsource.org/cms/scripts/page.php?item_id=script_detail&key=Dogr,https://en.wikipedia.org/wiki/Dogri_script,https://omniglot.com/writing/dogra.htm,,https://www.unicode.org/L2/L2015/15234r-dogra.pdf
Dupl-755,Duployan Shorthand âˆ stÃ©nographie DuployÃ© âˆ Duployan stenography,ğ›°£ğ›±‡â€Œğ›°šğ›±›ğ›°… ğ›±œâ€Œğ›±œ âˆ ğ›°³ğ›±°ğ›±˜ğ›±¢ âˆ Sloan-Duployan Shorthand âˆ Chinuk pipa âˆ Chinook,https://www.scriptsource.org/cms/scripts/page.php?item_id=script_detail&key=Dupl,https://en.wikipedia.org/wiki/Duployan_shorthand,https://www.omniglot.com/writing/chinookjargon.htm,,https://www.unicode.org/L2/L2010/10347-n3908-duployan.pdf
Cyrs-221,Early Cyrillic âˆ Cyrillic (Old Church Slavonic variant) âˆ cyrillique (variante slavonne) âˆ classical Cyrillic âˆ paleo-Cyrillic,Ğ¡Ğ»Ğ¾Ğ²Ñ£Ğ½ÑŒÑĞºĞ° Ğ°Ğ·ÑŠĞ±Ğ¾ÑƒĞºê™‘ âˆ Ustav âˆ Poluustav,https://www.scriptsource.org/cms/scripts/page.php?item_id=script_detail&key=Cyrs,https://en.wikipedia.org/wiki/Early_Cyrillic_alphabet,https://www.omniglot.com/writing/ocslavonic.htm,,https://www.unicode.org/notes/tn41/tn41-1.pdf
Cyrs-221,Early Cyrillic âˆ cyrillique âˆ Slavonic âˆ Slavic,ĞºĞ¸Ñ€Ğ¸Ğ»Ğ»Ğ¸Ñ†Ğ° âˆ ĞšĞ¸Ñ€Ğ¸Ğ»Ğ¸Ñ†Ñ,https://www.scriptsource.org/cms/scripts/page.php?item_id=script_detail&key=Cyrl,https://en.wikipedia.org/wiki/Cyrillic_script,https://www.omniglot.com/writing/cyrillic.htm,,https://en.wikipedia.org/wiki/Cyrillic_script_in_Unicode
*Arae-998,Eastern Arabic âˆ arqÄm hindiyyah,Ø£ÙØ±Ù’Ù‚ÙØ§Ù… Ù‡ÙÙ†Ù’Ø¯ÙÙŠÙÙ‘Ø©,https://www.scriptsource.org/cms/scripts/page.php?item_id=script_detail&key=Aran,https://en.wikipedia.org/wiki/Eastern_Arabic_numerals,https://www.omniglot.com/writing/urdu.htm,,
Mymr-350,Eastern Pwo Karen âˆ Myanmar âˆ Burmese âˆ birman âˆ Mon-Burmese,Eastern Pwo Karen âˆ á€™á€½á€”á€ºá€™á€¼á€”á€ºá€™á€¬á€¡á€€á€¹á€á€›á€¬ âˆ á€œá€á€„á€,https://www.scriptsource.org/cms/scripts/page.php?item_id=script_detail&key=Mymr,https://en.wikipedia.org/wiki/Burmese_numerals,https://www.omniglot.com/writing/burmese.htm,,https://www.unicode.org/L2/L2022/22046-myanmar-numerals.pdf
*Eebe-451,Eebee Hmong âˆ Ntawv Puaj Txwm,Eebee Hmong âˆ Puaj Txwm,https://www.scriptsource.org/cms/scripts/page.php?item_id=script_detail&key=Qa84,https://en.wikipedia.org/wiki/Hmong_writing#Sayaboury_script,,https://www.endangeredalphabets.net/sayaboury-hmong/,https://unicode.org/wg2/docs/n4668-eebee-hmong.pdf
Egyh-060,Egyptian hieratic âˆ hiÃ©ratique Ã©gyptien âˆ á¼±ÎµÏÎ±Ï„Î¹ÎºÎ¬,Hieratic âˆ sÅ¡,https://www.scriptsource.org/cms/scripts/page.php?item_id=script_detail&key=Egyh,https://en.wikipedia.org/wiki/Egyptian_numerals#Hieratic_numerals,https://www.omniglot.com/writing/egyptian_hieratic.htm,,https://www.unicode.org/L2/L2023/23181-n5240-hieroglyphs.pdf
Egyp-050,Egyptian hieroglyphs âˆ hiÃ©roglyphes Ã©gyptiens,ğ“†ğ“…“ğ“ğ“Š– âˆ sÅ¡,https://www.scriptsource.org/cms/scripts/page.php?item_id=script_detail&key=Egyp,https://en.wikipedia.org/wiki/Egyptian_numerals,https://www.omniglot.com/writing/egyptian.htm,,https://www.unicode.org/L2/L2006/06354-n3181-egyptian.pdf
Elba-226,Elbasan âˆ elbasan,ğ”‡ğ”ğ”ğ”€ğ”›ğ”€ğ”“ğ”ğ” âˆ ğ”Ÿğ”ğ”€ğ”’,https://www.scriptsource.org/cms/scripts/page.php?item_id=script_detail&key=Elba,https://en.wikipedia.org/wiki/Elbasan_alphabet,https://www.omniglot.com/writing/elbasan.htm,,https://www.unicode.org/L2/L2011/11050-n3985-elbasan.pdf
*Eska-998,Eskaya âˆ Eskayan,Bohol,https://www.scriptsource.org/cms/scripts/page.php?item_id=script_detail&key=Qabr,https://en.wikipedia.org/wiki/Eskayan_script,https://www.omniglot.com/writing/eskayan.htm,,https://www.unicode.org/L2/L2013/13229-eskaya.pdf
Gara-164,Garay âˆ garay,Garay,https://www.scriptsource.org/cms/scripts/page.php?item_id=script_detail&key=Gara,https://en.wikipedia.org/wiki/Garay_alphabet,https://omniglot.com/writing/wolof.htm,,https://www.unicode.org/L2/L2016/16069-n4709-garay-revision.pdf
Ethi-430,GeÊ½ez âˆ Ethiopic âˆ Ã©thiopien âˆ ge'ez âˆ guÃ¨ze,áŒá‹•á‹ âˆ á‹¨áˆ°á‹áˆ âˆ áŒ‰áˆ«áŒŒ âˆ áŠ áˆ›áˆ­áŠ› âˆ á‰µáŒáˆ­áŠ›,https://www.scriptsource.org/cms/scripts/page.php?item_id=script_detail&key=Ethi,https://en.wikipedia.org/wiki/Ge%CA%BDez_script,https://www.omniglot.com/writing/ethiopic.htm,,https://www.unicode.org/L2/L2004/04143-n2747-ethiopic-ext.pdf
Glag-225,Glagolitic âˆ glagolitique âˆ Glagolitsa âˆ Asbuka,â°ƒâ°¾â°°â°³â±â°¾â°¹â±Œâ°° âˆ â°‚â°²â° â±,https://www.scriptsource.org/cms/scripts/page.php?item_id=script_detail&key=Glag,https://en.wikipedia.org/wiki/Glagolitic_script,https://www.omniglot.com/writing/glagolitic.htm,,https://www.unicode.org/L2/L2003/03282r-glagolitic.pdf
Goth-206,Gothic âˆ gotique,ğŒ²ğ‰ğŒ¸ğŒ¹ğŒº âˆ ğŒ°ğŒ»ğŒ¹ğŒ¼,https://www.scriptsource.org/cms/scripts/page.php?item_id=script_detail&key=Goth,https://en.wikipedia.org/wiki/Gothic_alphabet,https://www.omniglot.com/writing/gothic.htm,,https://www.evertype.com/standards/iso10646/plane-1/gt.html
Gran-343,Grantha âˆ grantha,ğ‘Œ—ğ‘ğ‘Œ°ğ‘Œ¨ğ‘ğ‘Œ¥ âˆ ğ‘Œ¸ğ‘Œ°ğ‘Œµğ‘Œ®,https://www.scriptsource.org/cms/scripts/page.php?item_id=script_detail&key=Gran,https://en.wikipedia.org/wiki/Grantha_script,https://www.omniglot.com/writing/grantha.htm,,https://www.unicode.org/L2/L2015/15085-grantha-fractions.pdf
Grek-200,Greek âˆ grec âˆ Acrophonic,Î•Î»Î»Î·Î½Î¹ÎºÎ¬ âˆ EllinikÃ¡,https://www.scriptsource.org/cms/scripts/page.php?item_id=script_detail&key=Grek,https://en.wikipedia.org/wiki/Greek_numerals,https://omniglot.com/writing/greek.htm#num,,https://www.unicode.org/L2/L2003/03075r3-tlg-numeric.pdf
Grek-200,Greek âˆ grec âˆ Ionic âˆ Ionian âˆ Milesian,Î•Î»Î»Î·Î½Î¹ÎºÎ¬ âˆ EllinikÃ¡,https://www.scriptsource.org/cms/scripts/page.php?item_id=script_detail&key=Grek,https://en.wikipedia.org/wiki/Greek_numerals,https://omniglot.com/writing/greek.htm#num,,
Gujr-320,Gujarati âˆ goudjarÃ¢tÃ® âˆ gujrÃ¢tÃ®,àª—à«àªœàª°àª¾àª¤à«€ âˆ àªªàª°àª¤àª·,https://www.scriptsource.org/cms/scripts/page.php?item_id=script_detail&key=Gujr,https://en.wikipedia.org/wiki/Gujarati_script,https://omniglot.com/writing/gujarati.htm,,https://www.unicode.org/L2/L2015/15103r-gujarati-arabic-translit.pdf
Gong-312,Gunjala Gondi âˆ gunjala gondÃ®,ğ‘µ¶ğ‘¶ğ‘¶•ğ‘¶€ğ‘µµğ‘¶Š ğ‘µ¶ğ‘¶“ğ‘¶•ğ‘¶‚ğ‘¶‹ ğ‘µµğ‘¶‹ğ‘¶…ğ‘¶‹ âˆ ğ‘µ®ğ‘¶Šğ‘¶ˆğ‘¶‹ğ‘µ³ğ‘¶ğ‘µ±ğ‘¶ âˆ Koytura Gunjala Lipi,https://www.scriptsource.org/cms/scripts/page.php?item_id=script_detail&key=Gong,https://en.wikipedia.org/wiki/Gunjala_Gondi_script,https://www.omniglot.com/writing/gunjalagondi.htm,,https://www.unicode.org/L2/L2015/15235r-gunjala-gondi.pdf
Guru-310,Gurmukhi âˆ gourmoukhÃ® âˆ GurmukhÄ«,à¨—à©à¨°à¨®à©à¨–à©€ âˆ à¨¸à¨°à¨®à¨¨,https://www.scriptsource.org/cms/scripts/page.php?item_id=script_detail&key=Guru,https://en.wikipedia.org/wiki/Gurmukhi,https://www.omniglot.com/writing/punjabi.htm,,
*Guku-998,Gurung Khe Prih âˆ Gurung Khe Phri,Khe Prih âˆ Gurung,,https://en.wikipedia.org/wiki/Gurung_language,https://www.omniglot.com/writing/kheprih.htm,https://www.endangeredalphabets.net/khe-prih/,https://www.unicode.org/L2/L2011/11047-gurung.pdf
Gukh-397,Gurung Khema âˆ gurung khema âˆ Khema âˆ Khema Lipi,Khema Tamu Phri âˆ Khema Phri âˆ TamÅ« KhemÄ PÉ¦ri,https://www.scriptsource.org/cms/scripts/page.php?item_id=script_detail&key=Gukh,https://en.wikipedia.org/wiki/Khema_script,https://omniglot.com/writing/khema.htm,https://www.endangeredalphabets.net/khema/,https://www.unicode.org/L2/L2022/22157-gurung-khema-script.pdf
Rohg-167,Hanifi Rohingya âˆ hanifi rohingya âˆ RuÃ¡ingga,ğ´Œğ´Ÿğ´‡ğ´¥ğ´ğ´šğ´’ğ´™ğ´ ğ´‡ğ´ğ´•ğ´ğ´‰ğ´,https://www.scriptsource.org/cms/scripts/page.php?item_id=script_detail&key=Rohg,https://en.wikipedia.org/wiki/Hanifi_Rohingya_script,https://www.omniglot.com/writing/hanifi.htm,,https://www.unicode.org/L2/L2015/15278r-hanifi-rohingya.pdf
Hatr-127,Hatran âˆ hatrÃ©nien âˆ Hatran Aramaic,ğ£ªğ£«ğ£¡ğ££,https://www.scriptsource.org/cms/scripts/page.php?item_id=script_detail&key=Hatr,https://en.wikipedia.org/wiki/Hatran_Aramaic,https://www.omniglot.com/writing/hatran.htm,,https://www.unicode.org/L2/L2012/12312-n4324-hatran.pdf
Hebr-125,Hebrew âˆ hÃ©breu âˆ Jewish script âˆ square script âˆ block script,×Ö¸×œÖ¶×£Ö¾×‘ÖµÖ¼×™×ª âˆ ×›Ö°Ö¼×ªÖ¸×‘ ×Ö·×©Ö¼××•Ö¼×¨Ö´×™ âˆ Ktav Ashuri âˆ ×›×œ×‘× ,https://www.scriptsource.org/cms/scripts/page.php?item_id=script_detail&key=Hebr,https://en.wikipedia.org/wiki/Hebrew_numerals,https://omniglot.com/writing/hebrew.htm,,
Armi-124,Imperial Aramaic âˆ aramÃ©en impÃ©rial,ğ¡€ğ¡“ğ¡Œğ¡‰ğ¡€ âˆ ğ¡Šğ¡‹ğ¡ğ¡“,https://www.scriptsource.org/cms/scripts/page.php?item_id=script_detail&key=Armi,https://en.wikipedia.org/wiki/Aramaic_alphabet,https://omniglot.com/writing/aramaic.htm,,https://www.unicode.org/L2/L2007/07288-n3339-aramaic.pdf
Phli-131,Inscriptional Pahlavi âˆ pehlevi des inscriptions,ğ­¯ğ­ ğ­«ğ­®ğ­©ğ­ª,https://www.scriptsource.org/cms/scripts/page.php?item_id=script_detail&key=Phli,https://en.wikipedia.org/wiki/Inscriptional_Pahlavi,https://omniglot.com/writing/mpersian.htm,,https://www.unicode.org/L2/L2007/07207r-n3286r-parthian-pahlavi.pdf
Prti-130,Inscriptional Parthian âˆ parthe des inscriptions,ğ­ğ­€ğ­“ğ­ˆğ­‰ğ­€,https://www.scriptsource.org/cms/scripts/page.php?item_id=script_detail&key=Prti,https://en.wikipedia.org/wiki/Inscriptional_Parthian,https://omniglot.com/writing/mpersian.htm,,https://www.unicode.org/L2/L2007/07207r-n3286r-parthian-pahlavi.pdf
Java-361,Javanese âˆ javanais âˆ gundil,ê¦§ê¦±ê¦—ê¦® âˆ ê¦²ê¦ê§€ê¦±ê¦«ê¦—ê¦® âˆ ê¦±ê¦§ê¦¤ê¦² âˆ Aksara Jawa âˆ Ã…ksÃ¥rÃ¥ JÃ¥wÃ¥,https://www.scriptsource.org/cms/scripts/page.php?item_id=script_detail&key=Java,https://en.wikipedia.org/wiki/Javanese_script,https://omniglot.com/writing/javanese.htm,,https://www.unicode.org/L2/L2008/08015r-n3319r3-javanese.pdf
Kthi-317,Kaithi âˆ kaithÃ® âˆ Kayathi âˆ Kayasthi,ğ‘‚ğ‘‚¶ğ‘‚Ÿğ‘‚² âˆ ğ‘‚ƒğ‘‚®ğ‘‚¥ğ‘‚°ğ‘‚¥,https://www.scriptsource.org/cms/scripts/page.php?item_id=script_detail&key=Kthi,https://en.wikipedia.org/wiki/Kaithi,https://www.omniglot.com/writing/kaithi.htm,,https://www.unicode.org/L2/L2008/08194-n3389-kaithi.pdf
*Kakt-998,Kaktovik,Kaktovik IÃ±upiaq,https://scriptsource.org/cms/scripts/page.php?item_id=character_list&key=1D2C0,https://en.wikipedia.org/wiki/Kaktovik_numerals,https://www.omniglot.com/writing/kaktoviknumerals.htm,,https://www.unicode.org/L2/L2020/20070-kaktovik-numerals.pdf
Knda-345,Kannada âˆ Modi baraha,à²•à²¨à³à²¨à²¡ à²²à²¿à²ªà²¿ âˆ à²®à³‹à²¡à²¿  à²¬à²°à²¹,https://www.scriptsource.org/cms/scripts/page.php?item_id=script_detail&key=Knda,https://en.wikipedia.org/wiki/Kannada_script,https://www.omniglot.com/writing/kannada.htm,,
*Kshr-319,Kashmiri Brahmi âˆ Late Gupta âˆ Proto ÅšÄradÄ âˆ Proto-ÅšÄradÄ,Kashmiri Brahmi,https://www.scriptsource.org/cms/scripts/page.php?item_id=script_detail&key=Shrd,,,,
Kawi-368,Kawi âˆ kawi âˆ Old Javanese,ğ‘¼„ğ‘¼’ğ‘½‚ğ‘¼°ğ‘¼¬ğ‘¼’ğ‘¼®ğ‘¼¶ âˆ ğ‘¼¡ğ‘¼ªğ‘¼’ğ‘½ âˆ ê¦ê¦®ê¦¶ âˆ aksara carakan kuna âˆ Majapahit,https://www.scriptsource.org/cms/scripts/page.php?item_id=script_detail&key=Kawi,https://en.wikipedia.org/wiki/Kawi_script,https://omniglot.com/writing/kawi.htm,,https://www.unicode.org/L2/L2020/20256-kawi.pdf
Khar-305,Kharosthi âˆ kharochthÃ® âˆ Indo-Bactrian,ğ¨‘ğ¨ªğ¨†ğ¨®ğ¨¿ğ¨›ğ¨ğ¨Œ âˆ ğ¨’ğ¨Œğ¨£ğ¨¿ğ¨¢ğ¨Œğ¨ªğ¨ğ¨Œğ¨«ğ¨ğ¨¤ğ¨ âˆ ğ¨¯ğ¨ªğ¨¬ğ¨¨ âˆ Gandhari,https://www.scriptsource.org/cms/scripts/page.php?item_id=script_detail&key=Khar,https://en.wikipedia.org/wiki/Kharosthi,https://omniglot.com/writing/kharosthi.htm,,https://www.unicode.org/L2/L2003/03314-kharoshthi.pdf
Khmr-355,Khmer,á—á¶áŸá¶ááŸ’á˜áŸ‚áš âˆ á˜á“áŸá‘,https://www.scriptsource.org/cms/scripts/page.php?item_id=script_detail&key=Khmr,https://en.wikipedia.org/wiki/Khmer_script,https://omniglot.com/writing/khmer.htm,,https://www.unicode.org/L2/L2001/01382-n2385-response-to-n2380.pdf
*Khai-999,Khom Thai âˆ Ã¢ksÃ¢r khÃ¢m,á¢á€áŸ’áŸášáá˜ âˆ à¸­à¸±à¸à¸©à¸£à¸‚à¸­à¸¡ âˆ akson khom,https://www.scriptsource.org/cms/scripts/page.php?item_id=script_detail&key=Khmr,https://en.wikipedia.org/wiki/Khom_Thai_script,,,
*Khot-998,Khotanese,Khotanese,https://www.scriptsource.org/cms/scripts/page.php?item_id=script_detail&key=Qa40,,,,https://www.unicode.org/L2/L2015/15022-khotanese.pdf
Sind-318,Khudawadi âˆ khoudawadÃ® âˆ Sindhi âˆ sindhÃ®,ğ‘Š»ğ‘‹©ğ‘‹£ğ‘‹ğ‘‹ ğ‘‹”ğ‘‹ ğ‘‹ğ‘‹¢ âˆ ğ‘‹ğ‘‹—ğ‘‹›ğ‘‹™,https://www.scriptsource.org/cms/scripts/page.php?item_id=script_detail&key=Sind,https://en.wikipedia.org/wiki/Khudabadi_script,https://www.omniglot.com/writing/khudabadi.htm,,https://www.unicode.org/L2/L2011/11022-khudawadi.pdf
Krai-396,Kirat Rai âˆ kirat rai,Kirat Rai âˆ Khambu Rai âˆ Rai Bará¹‡amÄlÄ âˆ Kirat Khambu Rai,https://www.scriptsource.org/cms/scripts/page.php?item_id=script_detail&key=Krai,https://en.wikipedia.org/wiki/Kirat_Rai,https://omniglot.com/writing/kiratrai.htm,,https://www.unicode.org/L2/L2022/22043r-kirat-rai.pdf
*Kors-998,KorÃ© SÃ¨bÃ¨li,Kore Sebeli âˆ Wakara âˆ Soso âˆ Susu,,,,https://www.endangeredalphabets.net/kore-sebeli/,https://www.unicode.org/L2/L2024/24246-kore-sebeli.pdf
*Kosa-999,Kosali,à¬•à­‹à¬¸à¬²à¬¿ à¬²à¬¿à¬ªà¬¿ âˆ à¤•à¥‹à¤¸à¤²à¥€ à¤²à¤¿à¤ªà¤¿,,https://en.wikipedia.org/wiki/Sambalpuri_language,,,
Kpel-436,Kpelle âˆ kpÃ¨llÃ©,Kpelle,https://www.scriptsource.org/cms/scripts/page.php?item_id=script_detail&key=Kpel,https://en.wikipedia.org/wiki/Kpelle_syllabary,https://www.omniglot.com/writing/kpelle.htm,,https://www.unicode.org/L2/L2010/10063-n3762-kpelle.pdf
*Kuig-998,Kui âˆ Kui Gaa ri âˆ Kui Gaari,à¬•à­à¬‡ à¬²à¬¿à¬ªà¬¿,,https://en.wikipedia.org/wiki/Kui_language_(India),,,https://www.unicode.org/L2/L2024/24102-kui-gaari-script.pdf
*Kuli-998,Kulitan âˆ SÃºlat KapampÃ¡ngan,Sulat Kapampangan âˆ Pamagkulit,,https://en.wikipedia.org/wiki/Kulitan,https://omniglot.com/writing/kulitan.htm,,
*Kurx-998,Kurux Banna âˆ Kurukh Lipi âˆ à¤•à¥à¥à¤à¤¡à¤¼à¥à¤–à¤¼ âˆ à¬• à­à¬à¬¡à¬¼à­à¬à¬–à¬¼ âˆ à¦• à§à¦à¦¡à¦¼à¦–à¦¼,Kurukh Banna,,https://en.wikipedia.org/wiki/Kurukh_Banna,https://www.omniglot.com/writing/kurukhbanna.htm,,https://www.unicode.org/L2/L2024/24101-kurukh-banna.pdf
*Lamp-998,Lampung,Aksara Lampung âˆ Had Lampung,,https://en.wikipedia.org/wiki/Lampung_language#Writing_system,https://www.omniglot.com/writing/lampungscript.htm,,https://www.unicode.org/L2/L2022/22044-lampung.pdf
*Lant-303,Lantsa,Lantsa âˆ Lantsha âˆ Landza âˆ Lanydza âˆ Landzya,https://www.scriptsource.org/cms/scripts/page.php?item_id=script_detail&key=Ranj,https://en.wikipedia.org/wiki/Ranjana_script,https://www.omniglot.com/writing/ranjana.htm,,https://www.unicode.org/L2/L2023/23028-ranjana.pdf
Laoo-356,Lao âˆ laotien,àºàº²àºªàº²àº¥àº²àº§ âˆ àº¡àº°àº™àº”,https://www.scriptsource.org/cms/scripts/page.php?item_id=script_detail&key=Laoo,https://en.wikipedia.org/wiki/Lao_script,https://omniglot.com/writing/lao.htm,,https://www.unicode.org/L2/L2017/17106r-lao-for-pali.pdf
Leke-364,Leke âˆ lÃ©kÃ© âˆ Karen Chicken Scratch,Leke âˆ Pwo Karen Leke âˆ li chaw wae,https://www.scriptsource.org/cms/scripts/page.php?item_id=script_detail&key=Leke,https://en.wikipedia.org/wiki/Leke_script,,,https://www.unicode.org/wg2/docs/n4438.pdf
Lepc-335,Lepcha âˆ RÃ³ng âˆ lepcha âˆ rÃ³ng âˆ Lapche,á°›á°©á°µ âˆ á°…á°§á°²á°…á°©á°­,https://www.scriptsource.org/cms/scripts/page.php?item_id=script_detail&key=Lepc,https://en.wikipedia.org/wiki/Lepcha_script,https://www.omniglot.com/writing/lepcha.htm,,https://www.unicode.org/L2/L2005/05158-n2947-lepcha.pdf
Limb-336,Limbu âˆ limbou,á¤•á¤ á¤°á¤Œá¤¢á¤± á¤á¤ á¤´ âˆ á¤á¤ á¤±á¤“á¤£á¤¹á¤€á¤¥ âˆ Sirijanga âˆ Kirati-Sirijonga âˆ Sirijunga,https://www.scriptsource.org/cms/scripts/page.php?item_id=script_detail&key=Limb,https://en.wikipedia.org/wiki/Limbu_script,https://www.omniglot.com/writing/limbu.htm,,https://www.unicode.org/L2/L2002/02055-n2410.pdf
Linb-401,Linear B âˆ Linear-B âˆ linÃ©aire B,ğ€€ğ€ğ€‚ğ€ƒğ€„ âˆ ğ€´ğ€ªğ€¡ğ€†,https://www.scriptsource.org/cms/scripts/page.php?item_id=script_detail&key=Linb,https://en.wikipedia.org/wiki/Aegean_numerals,https://omniglot.com/writing/linearb.htm,,https://www.unicode.org/L2/L2001/01370-n2378.pdf
*Magk-998,Magar Akkha,Magar Akkha Rika,,,https://www.omniglot.com/writing/magarakkha.htm,,https://www.unicode.org/L2/L2011/11144-magar-akkha.pdf
Mlym-347,Malayalam âˆ malayÃ¢lam,à´®à´²à´¯à´¾à´³ à´²à´¿à´ªà´¿ âˆ à´®à´¨à´·à´¯,https://www.scriptsource.org/cms/scripts/page.php?item_id=script_detail&key=Mlym,https://en.wikipedia.org/wiki/Malayalam_script,https://omniglot.com/writing/malayalam.htm,,https://www.unicode.org/L2/L2013/13219-malayalam-conjunct.pdf
*Mano-998,Mandombe âˆ MandombÃ©,Mandombe,,https://en.wikipedia.org/wiki/Mandombe_script,https://www.omniglot.com/writing/mandombe.htm,,https://www.unicode.org/L2/L2016/16077r-mandombe.pdf
Mani-139,Manichaean âˆ manichÃ©en,ğ«€ğ«ğ«‚ğ«ƒğ«„ âˆ Manichaean,https://www.scriptsource.org/cms/scripts/page.php?item_id=script_detail&key=Mani,https://en.wikipedia.org/wiki/Manichaean_script,https://www.omniglot.com/writing/manichaean.php,,https://www.unicode.org/L2/L2011/11123r-n4029r-manichaean.pdf
Gonm-313,Masaram Gondi,ğ‘´¤ğ‘´«ğ‘´¦ğ‘´±ğ‘´¤ ğ‘´ğ‘´½ğ‘µ€ğ‘´˜ğ‘´³ âˆ ğ‘´¤ğ‘´±ğ‘´›ğ‘´¦ğ‘´¤,https://www.scriptsource.org/cms/scripts/page.php?item_id=script_detail&key=Gonm,https://en.wikipedia.org/wiki/Gondi_writing#Masaram,https://omniglot.com/writing/masaramgondi.htm,,https://www.unicode.org/L2/L2015/15090r-masaram-gondi.pdf
Mtei-337,Meitei Mayek âˆ Meithei âˆ Meetei âˆ meitei mayek,ê¯ƒê¯¤ê¯‡ê¯©ê¯‚ê¯£ê¯Ÿ âˆ ê¯ƒê¯‘ê¯ê¯• âˆ Kanglei âˆ Kok Sam Lai,https://www.scriptsource.org/cms/scripts/page.php?item_id=script_detail&key=Mtei,https://en.wikipedia.org/wiki/Meitei_script,https://omniglot.com/writing/meitei.htm,https://www.endangeredalphabets.net/alphabets/meitei-mayek/,https://www.unicode.org/L2/L2007/07005r2-n3206r2-meitei-mayek.pdf
Mend-438,Mende Kikakui âˆ mendÃ© kikakui,ğ €ğ ğ ‚ âˆ ğ¡¥ğ –ğ¢»ğ ¢,https://www.scriptsource.org/cms/scripts/page.php?item_id=script_detail&key=Mend,https://en.wikipedia.org/wiki/Mende_Kikakui_script,https://omniglot.com/writing/kikakui.htm,,https://www.unicode.org/L2/L2012/12023-n4167-mende.pdf
Merc-101,Meroitic Cursive âˆ cursif mÃ©roÃ¯tique,ğ¦‚ğ¦ğ¦¤ğ¦¿,https://www.scriptsource.org/cms/scripts/page.php?item_id=script_detail&key=Merc,https://en.wikipedia.org/wiki/Meroitic_script,https://www.omniglot.com/writing/meroitic.htm,,https://www.unicode.org/L2/L2012/12206-n4276-meroitic.pdf
Modi-324,Modi âˆ Moá¸Ä« âˆ modÃ®,ğ‘˜¦ğ‘˜»ğ‘˜šğ‘˜² âˆ ğ‘˜­ğ‘˜¨ğ‘˜ªğ‘˜¦,https://www.scriptsource.org/cms/scripts/page.php?item_id=script_detail&key=Modi,https://en.wikipedia.org/wiki/Modi_script,https://www.omniglot.com/writing/modi.htm,,https://www.unicode.org/L2/L2011/11212r2-n4034-modi.pdf
Mymr-350,Mon-Burmese âˆ Myanmar âˆ Burmese âˆ birman,á€™á€½á€”á€ºá€™á€¼á€”á€ºá€™á€¬á€¡á€€á€¹á€á€›á€¬ âˆ á€œá€á€„á€,https://www.scriptsource.org/cms/scripts/page.php?item_id=script_detail&key=Mymr,https://en.wikipedia.org/wiki/Burmese_numerals,https://www.omniglot.com/writing/burmese.htm,,https://www.unicode.org/L2/L2022/22046-myanmar-numerals.pdf
Mong-145,Mongolian âˆ mongol âˆ Galik âˆ Ğ‘Ğ¾ÑĞ¾Ğ¾ Ğ´Ó©Ñ€Ğ²Ó©Ğ»Ğ¶Ğ¸Ğ½,á ®á £á ©á ­á £á ¯ á ªá ¢á ´á ¢á ­ âˆ á ¬á ¦á ®á ¨ âˆ Ali-gali Ã¼seg,https://www.scriptsource.org/cms/scripts/page.php?item_id=script_detail&key=Mong,https://en.wikipedia.org/wiki/Mongolian_script,https://omniglot.com/writing/mongolian.htm,,https://www.unicode.org/L2/L2017/17007-n4781-mongolian.pdf
Moon-218,Moon âˆ Ã©criture Moon âˆ Moon alphabet âˆ Moon type âˆ Moon code,Moon,https://www.scriptsource.org/cms/scripts/page.php?item_id=script_detail&key=Moon,https://en.wikipedia.org/wiki/Moon_type,https://www.omniglot.com/writing/moon.htm,,https://unicode.org/wg2/docs/n4128.pdf
Mroo-264,Mru âˆ Mro âˆ mro,ğ–©ƒğ–©“ğ–©‘ âˆ Krama,https://www.scriptsource.org/cms/scripts/page.php?item_id=script_detail&key=Mroo,https://en.wikipedia.org/wiki/Mru_script,https://www.omniglot.com/writing/mro.htm,,https://www.unicode.org/L2/L2009/09097r-n3589r-mro.pdf
Mult-323,Multani âˆ multanÃ®,ğ‘Š ğ‘Š£ğ‘Š–ğ‘Šš,https://www.scriptsource.org/cms/scripts/page.php?item_id=script_detail&key=Mult,https://en.wikipedia.org/wiki/Multani_script,https://www.omniglot.com/writing/multani.htm,,https://www.unicode.org/L2/L2012/12316-multani.pdf
Nkoo-165,N'Ko âˆ n'Ko,ß’ßß âˆ ßß£ßß›,https://www.scriptsource.org/cms/scripts/page.php?item_id=script_detail&key=Nkoo,https://en.wikipedia.org/wiki/N%27Ko_script,https://www.omniglot.com/writing/nko.htm,,https://www.unicode.org/L2/L2004/04172-n2765-nko.pdf
*Naas-999,Naasioi Otomaung,Naasioi Otomaung,,,https://www.omniglot.com/writing/otomaung.htm,https://www.endangeredalphabets.net/alphabets/naasioi-otomaung/,
Nbat-159,Nabataean âˆ nabatÃ©en,ğ¢ğ¢ğ¢ƒğ¢›,https://www.scriptsource.org/cms/scripts/page.php?item_id=script_detail&key=Nbat,https://en.wikipedia.org/wiki/Nabataean_script,https://omniglot.com/writing/nabataean.htm,,https://www.unicode.org/L2/L2010/10473-n3969-nabataean.pdf
*Nagc-999,Nag Chiki,Nagchiki âˆ Kora Nagchik,,,https://www.omniglot.com/writing/nagchiki.htm,,
Nagm-295,Nag Mundari âˆ nag mundari,ğ“§ğ“Ÿğ“¨ğ“œğ“•ğ“£ğ“š ğ“—ğ“•ğ“¨ğ“š âˆ ğ“›ğ“ğ“—ğ“¤ğ“¨ âˆ Mundari Bani,https://www.scriptsource.org/cms/scripts/page.php?item_id=script_detail&key=Nagm,https://en.wikipedia.org/wiki/Mundari_Bani,https://omniglot.com/writing/mundaribani.htm,,https://www.unicode.org/L2/L2021/21031-mundari-bani.pdf
Nand-311,Nandanagari âˆ nandinÃ¢garÃ® âˆ NandinÄgarÄ«,ğ‘§ğ‘§ğ‘¦¿ğ‘§’ğ‘§ğ‘§‘ğ‘¦°ğ‘§ˆğ‘§“ âˆ ğ‘§ğ‘§ˆğ‘§Šğ‘§†,https://www.scriptsource.org/cms/scripts/page.php?item_id=script_detail&key=Nand,https://en.wikipedia.org/wiki/Nandinagari,https://omniglot.com/writing/nandinagari.htm,,https://www.unicode.org/L2/L2017/17162-nandinagari.pdf
Talu-354,New Tai Lue âˆ nouveau taÃ¯-lue âˆ New Tai LÃ¼ âˆ Xishuangbanna Dai,á¦Ÿá¦²á§…á¦·á¦á¦ºá¦‘á¦Ÿá¦¹á§‰ âˆ á¦…á§„á¦ºá¦‘á¦Ÿá¦¹á§‰ âˆ á¦á§‚á¦‘á¦¸,https://www.scriptsource.org/cms/scripts/page.php?item_id=script_detail&key=Talu,https://en.wikipedia.org/wiki/New_Tai_Lue_alphabet,https://omniglot.com/writing/newtailue.htm,,https://www.unicode.org/L2/L2004/04147-n2748-new-tai-lue.pdf
Newa-333,Newari âˆ Newar âˆ Newa âˆ NepÄla lipi âˆ nÃ©wa,ğ‘¥ğ‘‘‚ğ‘¬ğ‘”ğ‘®ğ‘¶ğ‘Ÿ âˆ ğ‘³ğ‘ğ‘®ğ‘© âˆ ğ‘¥ğ‘‘‚ğ‘¬ğ‘”ğ‘®ğ‘¶ğ‘Ÿ ğ‘£ğ‘¾ğ‘¥ğ‘µğ‘®,https://www.scriptsource.org/cms/scripts/page.php?item_id=script_detail&key=Newa,https://en.wikipedia.org/wiki/Pracalit_script,https://omniglot.com/writing/newa.htm,,https://www.unicode.org/L2/L2014/14086-nepaalalipi.pdf
Hmnp-451,Nyiakeng Puachue Hmong âˆ nyiakeng puachue hmong,ğ„€ğ„©ğ„°ğ„ğ„“ğ„±ğ„‚ğ„¤ğ„³ğ„¬ğ„ƒğ„¤ğ„³ âˆ ğ„€ğ„ğ„‚ğ„ƒ âˆ Ntawv Txawjvaag,https://www.scriptsource.org/cms/scripts/page.php?item_id=script_detail&key=Hmnp,https://en.wikipedia.org/wiki/Nyiakeng_Puachue_Hmong,https://omniglot.com/writing/nyiakengpuachuehmong.htm,,https://www.unicode.org/L2/L2017/17002r3-n4780r3-nyiakeng-puachue-hmong.pdf
Olck-261,Ol Chiki âˆ ol tchiki âˆ Ol Cemet' âˆ Ol âˆ Santali,á±šá± á±ªá±¤á± á±¤ âˆ á±¡á±šá±›á±šá±á±šá± á±š,https://www.scriptsource.org/cms/scripts/page.php?item_id=script_detail&key=Olck,https://en.wikipedia.org/wiki/Ol_Chiki_script,https://www.omniglot.com/writing/olchiki.htm,,https://www.unicode.org/L2/L2005/05243r-n2984-ol-chiki.pdf
Onao-296,Ol Onal âˆ ol onal,ğ—˜ğ—ªğ—¢ğ—‘ğ—œğ—¥ğ—° âˆ Bhumij Lipi âˆ Bhumij Onal,https://www.scriptsource.org/cms/scripts/page.php?item_id=script_detail&key=Onao,https://en.wikipedia.org/wiki/Ol_Onal,https://omniglot.com/writing/olonal.htm,,https://www.unicode.org/L2/L2022/22151r-ol-onal-script.pdf
Hung-176,Old Hungarian âˆ Hungarian Runic âˆ runes hongroises âˆ ancien hongrois,ğ²¥ğ³‹ğ³“ğ³‰ğ³—-ğ²˜ğ³€ğ³ğ³€ğ³¢ ğ²¢ğ³›ğ³®ğ³€ğ³¤ âˆ Szekely-Hungarian Rovas âˆ ğ²ªğ³ªğ²¢ğ³¢,https://www.scriptsource.org/cms/scripts/page.php?item_id=script_detail&key=Hung,https://en.wikipedia.org/wiki/Old_Hungarian_script,https://omniglot.com/writing/hungarian_runes.htm,,https://www.unicode.org/wg2/docs/n4268.pdf
Ital-210,Old Italic âˆ ancien italique âˆ Etruscan âˆ Ã©trusque,ğŒ€ğŒğŒğŒ„ğŒ”ğŒ€ğŒ“ âˆ ğŒ†ğŒ€ğŒŒğŒˆ âˆ ğŒ‰ğŒ•ğŒ€ğŒ‹ğŒ‰ğŒ‚ âˆ ğŒšğŒ€ğŒğŒ‚ğŒ–ğŒ€ğŒŒ ğŒğŒ”ğŒŠğŒ€,https://www.scriptsource.org/cms/scripts/page.php?item_id=script_detail&key=Ital,https://en.wikipedia.org/wiki/Etruscan_numerals,https://omniglot.com/writing/olditalic.htm,,https://www.unicode.org/L2/L2012/12386-old-italic.pdf
Narb-106,Old North Arabian âˆ Ancient North Arabian âˆ nord-arabique,ğª€ğªğª‚ğªƒğª„ âˆ ğª‹ğªğªˆğª‡,https://www.scriptsource.org/cms/scripts/page.php?item_id=script_detail&key=Narb,https://en.wikipedia.org/wiki/Ancient_North_Arabian,https://www.omniglot.com/writing/northarabian.htm,,https://www.unicode.org/L2/L2010/10376-n3937-north-arabian.pdf
Perm-227,Old Permic âˆ ancien permien âˆ Old Permic Abur âˆ Permisch âˆ Ğ´Ñ€ĞµĞ²Ğ½ĞµĞ¿ĞµÑ€Ğ¼ÑĞºĞ¸Ğ¹,ğğğ‘ğ£ğ  âˆ Ğ’Ğ°Ğ¶ ĞŸĞµÑ€Ñ‹Ğ¼ âˆ ğ’ğŸğ¦ğ˜,https://www.scriptsource.org/cms/scripts/page.php?item_id=script_detail&key=Perm,https://en.wikipedia.org/wiki/Old_Permic_script,https://www.omniglot.com/writing/oldpermic.htm,,https://www.unicode.org/L2/L2012/12137-n4263-permic.pdf
Xpeo-030,Old Persian âˆ cunÃ©iforme persÃ©politain,ğ­ğ ğ¼ğ¹ğºğ¢ğ âˆ ğ§ğğ¹ğ ,https://www.scriptsource.org/cms/scripts/page.php?item_id=script_detail&key=Xpeo,https://en.wikipedia.org/wiki/Old_Persian_cuneiform,https://omniglot.com/writing/opcuneiform.htm,,https://www.unicode.org/L2/L2003/03149r-n2583r-old-persian.pdf
Sogo-142,Old Sogdian âˆ ancien sogdien âˆ Ancient Sogdian âˆ Kultobe,ğ¼€ğ¼ˆğ¼‚ğ¼€ğ¼‹ âˆ ğ¼‹ğ¼Œğ¼‚ğ¼˜,https://www.scriptsource.org/cms/scripts/page.php?item_id=script_detail&key=Sogo,https://en.wikipedia.org/wiki/Sogdian_alphabet,https://omniglot.com/writing/sogdian.htm,,https://www.unicode.org/L2/L2016/16312r-old-sogdian.pdf
*Uygu-998,Old Uyghur âˆ ancien ouÃ¯gour âˆ Uyghur âˆ Uighur âˆ Uigur,ğ½³ğ½¶ğ½²ğ½¶ğ½¾ âˆ ğ¾€ğ½¶ğ¾ğ½·,,,,,https://www.unicode.org/L2/L2013/13071-uyghur.pdf
Orya-327,Oriya âˆ oriyÃ¢,à¬“à¬¡à¬¼à¬¿à¬† à¬…à¬•à­à¬·à¬° âˆ à¬¸à¬¬à¬®à¬¨ âˆ Odia,https://www.scriptsource.org/cms/scripts/page.php?item_id=script_detail&key=Orya,https://en.wikipedia.org/wiki/Odia_script,https://omniglot.com/writing/oriya.htm,,https://www.unicode.org/L2/L2007/07095r-n3235r-vedic.pdf
*Orom-998,Oromo (Sapalo) âˆ Bakri Sapalo,Saphalo âˆ Qubee âˆ Sheek Bakrii Saphaloo,,https://en.wikipedia.org/wiki/Bakri_Sapalo,https://www.omniglot.com/writing/sapalo.htm,https://www.endangeredalphabets.net/oromo/,https://www.unicode.org/L2/L2024/24109-sheek-bakrii-saphaloo.pdf
Osma-260,Osmanya âˆ osmanais,ğ’‹ğ’˜ğ’ˆğ’‘ğ’›ğ’’ğ’•ğ’– âˆ ğ’›ğ’†ğ’–ğ’’,https://www.scriptsource.org/cms/scripts/page.php?item_id=script_detail&key=Osma,https://en.wikipedia.org/wiki/Osmanya_alphabet,https://www.omniglot.com/writing/osmanya.htm,,https://www.unicode.org/L2/L2001/01284-n2361r.pdf
*Ottq-998,Ottoman Siyaq,Siyakat,https://www.scriptsource.org/cms/scripts/page.php?item_id=script_detail&key=Arab,,,,https://www.unicode.org/L2/L2017/17348-ottoman-siyaq.pdf
*Sanc-998,Pabuchi-Sancha âˆ SadamÄÄ« âˆ SiddhamÄÄ«,à¤¸à¤¾à¤‚à¤šà¤¾(à¤¸à¤¾à¤à¤šà¤¾) âˆ à¤ªà¤¾à¤¬à¥à¤šà¥€ à¤²à¤¿à¤ªà¤¿ âˆ à¤¸à¤¦à¤®à¤¾à¤ˆ âˆ à¤¸à¤¿à¤¦à¥à¤§à¤®à¤¾à¤ˆ,,,,,https://www.unicode.org/L2/L2023/23222-pabuchi-script.pdf
Hmng-450,Pahawh Hmong âˆ pahawh hmong,ğ–¬–ğ–¬°ğ–¬ğ–¬µ ğ–¬„ğ–¬¶ğ–¬Ÿ ğ–¬Œğ–¬£ğ–¬µ âˆ ğ–¬‘ğ–¬¦ğ–¬‡ğ–¬§ âˆ Pahawh Tsa âˆ Ntawv Pahawh âˆ Ntawv Keeb,https://www.scriptsource.org/cms/scripts/page.php?item_id=script_detail&key=Hmng,https://en.wikipedia.org/wiki/Pahawh_Hmong,https://omniglot.com/writing/pahawhhmong.htm,,https://www.unicode.org/L2/L2012/12013-n4175-pahawh-hmong.pdf
*Iben-998,Palaeohispanic North âˆ Northeastern Iberian âˆ Northern Palaeohispanic,Levantine Iberian âˆ Celtiberian,,https://en.wikipedia.org/wiki/Northeastern_Iberian_script,https://omniglot.com/writing/celtiberian.htm,,https://www.unicode.org/L2/L2022/22146-north-paleohispanic.pdf
Palm-126,Palmyrene âˆ palmyrÃ©nien,ğ¡ªğ¡«ğ¡¡ğ¡´,https://www.scriptsource.org/cms/scripts/page.php?item_id=script_detail&key=Palm,https://en.wikipedia.org/wiki/Palmyrene_alphabet,https://www.omniglot.com/writing/palmyrene.htm,,https://www.unicode.org/L2/L2010/10255r2-n3867.pdf
Mymr-350,Pao âˆ Pa'O âˆ Myanmar âˆ Burmese âˆ birman,Pa'O âˆ á€™á€½á€”á€ºá€™á€¼á€”á€ºá€™á€¬á€¡á€€á€¹á€á€›á€¬ âˆ á€œá€á€„á€,https://www.scriptsource.org/cms/scripts/page.php?item_id=script_detail&key=Mymr,https://en.wikipedia.org/wiki/Burmese_numerals,https://www.omniglot.com/writing/burmese.htm,,https://www.unicode.org/L2/L2022/22046-myanmar-numerals.pdf
*Pchs-998,Pau Cin Hau,Pau Cin Hau,https://www.scriptsource.org/cms/scripts/page.php?item_id=script_detail&key=Qa14,,,,https://www.unicode.org/L2/L2016/16014-paucinhau-syllabary.pdf
Runr-211,Pentadic âˆ runor,áš±áš¢áš¾á›áš² âˆ Pentadic,https://www.scriptsource.org/cms/scripts/page.php?item_id=script_detail&key=Runr,https://en.wikipedia.org/wiki/Pentadic_numerals,https://www.omniglot.com/writing/runic.htm,,
*Perq-998,Persian Siyaq âˆ Khatt-i siyaq,Ø®Ø· Ø³ÛŒØ§Ù‚ âˆ Ø³ÛŒØ§Ù‚,https://www.scriptsource.org/cms/scripts/page.php?item_id=script_detail&key=Arab,,,,https://www.unicode.org/L2/L2021/21105-persian-siyaq.pdf
Phnx-115,Phoenician âˆ phÃ©nicien,ğ¤ğ¤• âˆ ğ¤ğ¤ğ¤ğ¤Œ âˆ ğ¤Šğ¤ğ¤€ğ¤ğ¤Œ,https://www.scriptsource.org/cms/scripts/page.php?item_id=script_detail&key=Phnx,https://en.wikipedia.org/wiki/Phoenician_alphabet,https://www.omniglot.com/writing/phoenician.htm,,https://www.unicode.org/L2/L2004/04141r2-n2746r2-phoenician.pdf
Phlp-132,Psalter Pahlavi âˆ pehlevi des psautiers,ï‚„ï‚ƒï‚‚ï‚ï‚€ âˆ Psalter Pahlavi,https://www.scriptsource.org/cms/scripts/page.php?item_id=script_detail&key=Phlp,https://en.wikipedia.org/wiki/Psalter_Pahlavi,https://omniglot.com/writing/mpersian.htm,,https://www.unicode.org/L2/L2011/11147-n4040-psalter-pahlavi.pdf
Ranj-303,Ranjana âˆ ranjana,Ranjana âˆ ranjana,https://www.scriptsource.org/cms/scripts/page.php?item_id=script_detail&key=Ranj,https://en.wikipedia.org/wiki/Ranjana_script,https://www.omniglot.com/writing/ranjana.htm,,https://www.unicode.org/L2/L2023/23028-ranjana.pdf
Rjng-363,Rejang âˆ redjang âˆ Redjang âˆ Kaganga,ê¥†ê¤°ê¥“ê¤¼ê¤½ ê¤½ê¥ê¤ºê¥ âˆ Surat Ulu âˆ angka bejagung,https://www.scriptsource.org/cms/scripts/page.php?item_id=script_detail&key=Rjng,https://en.wikipedia.org/wiki/Rejang_alphabet,https://www.omniglot.com/language/numbers/rejang.htm,https://www.endangeredalphabets.net/rejang/,https://www.unicode.org/L2/L2018/18081-rejang-numbers.pdf
*Rumi-998,Rumi,Rumi,https://www.scriptsource.org/cms/scripts/page.php?item_id=script_detail&key=Arab,,,,https://www.unicode.org/L2/L2006/06291-rumi-rev.pdf
Samr-123,Samaritan âˆ Samaritan Hebrew âˆ samaritain,à •à à “à à Œ âˆ à Šà ‹à à “,https://www.scriptsource.org/cms/scripts/page.php?item_id=script_detail&key=Samr,https://en.wikipedia.org/wiki/Samaritan_script,https://omniglot.com/writing/samaritan.htm,,https://www.unicode.org/L2/L2008/08024-n3377-samaritan.pdf
Saur-344,Saurashtra âˆ saurachtra,ê¢±ê£ƒê¢¬ê¢µê¢°ê£„ê¢œê£„ê¢¬ âˆ ê¢“ê¢¾ê¢¥ê¢¶,https://www.scriptsource.org/cms/scripts/page.php?item_id=script_detail&key=Saur,https://en.wikipedia.org/wiki/Saurashtra_script,https://www.omniglot.com/writing/saurashtra.htm,,https://www.unicode.org/L2/L2005/05222r2-n2969r2-saurashtra.pdf
Mymr-350,Shan âˆ Myanmar âˆ Burmese âˆ birman âˆ Mon-Burmese,Shan âˆ á€™á€½á€”á€ºá€™á€¼á€”á€ºá€™á€¬á€¡á€€á€¹á€á€›á€¬ âˆ á€œá€á€„á€,https://www.scriptsource.org/cms/scripts/page.php?item_id=script_detail&key=Mymr,https://en.wikipedia.org/wiki/Burmese_numerals,https://www.omniglot.com/writing/burmese.htm,,https://www.unicode.org/L2/L2022/22046-myanmar-numerals.pdf
Shrd-319,Sharada âˆ ÅšÄradÄ âˆ charada âˆ shard âˆ Sarada,ğ‘†¯ğ‘†³ğ‘†«ğ‘†¢ğ‘†³ âˆ ğ‘†±ğ‘†«ğ‘†®ğ‘†©,https://www.scriptsource.org/cms/scripts/page.php?item_id=script_detail&key=Shrd,https://en.wikipedia.org/wiki/Sharada_script,https://omniglot.com/writing/sharda.htm,,https://unicode.org/L2/L2009/09074r-n3595-sharada.pdf
Shui-530,Shuishu âˆ æ°´ä¹¦,Shui,https://www.scriptsource.org/cms/scripts/page.php?item_id=script_detail&key=Shui,https://en.wikipedia.org/wiki/Sui_script,https://www.omniglot.com/writing/sui.htm,,https://unicode.org/wg2/docs/n4956-Shuishu-repertoire.pdf
Sidd-302,Siddham âˆ siddham âˆ æ¢µå­—,ğ‘–­ğ‘–°ğ‘–Ÿğ‘–¿ğ‘– ğ‘–½ âˆ ğ‘–­ğ‘–¨ğ‘–ªğ‘–¦ âˆ Siddhaá¹ƒ âˆ SiddhamÄtá¹›kÄ âˆ Bonji,https://www.scriptsource.org/cms/scripts/page.php?item_id=script_detail&key=Sidd,https://en.wikipedia.org/wiki/Siddha%E1%B9%83_script,https://www.omniglot.com/writing/siddham.htm,,https://www.unicode.org/L2/L2012/12234r-n4294-siddham.pdf
Sinh-348,Sinhala âˆ singhalais âˆ Siá¹ƒhÄla,à·ƒà·’à¶‚à·„à¶½ âˆ à·ƒà¶ºà¶½à¶¸,https://www.scriptsource.org/cms/scripts/page.php?item_id=script_detail&key=Sinh,https://en.wikipedia.org/wiki/Sinhala_script,https://omniglot.com/writing/sinhala.htm,,https://www.unicode.org/L2/L2010/10337-n3888-sinhala.pdf
Sinh-348,Sinhala âˆ singhalais âˆ Siá¹ƒhÄla,à·ƒà·’à¶‚à·„à¶½ âˆ à·ƒà¶ºà¶½à¶¸ âˆ Sinhala Illakkam,https://www.scriptsource.org/cms/scripts/page.php?item_id=script_detail&key=Sinh,https://en.wikipedia.org/wiki/Sinhala_script,https://omniglot.com/writing/sinhala.htm,,https://www.unicode.org/L2/L2010/10337-n3888-sinhala.pdf
Sogd-141,Sogdian âˆ sogdien,ğ¼¼ğ¼´ğ¼¶ğ¼¹ğ¼·ğ¼¸ âˆ ğ¼¸ğ½„ğ¼±ğ½€,https://www.scriptsource.org/cms/scripts/page.php?item_id=script_detail&key=Sogd,https://en.wikipedia.org/wiki/Sogdian_alphabet,https://omniglot.com/writing/sogdian.htm,,https://www.unicode.org/L2/L2016/16371r2-sogdian.pdf
Sund-362,Sundanese âˆ sundanais âˆ Aksara Sunda Baku,á®á®¥á®”á®ªá®“ âˆ á®á®Šá®™á®” âˆ á®ƒá®Šá®ªá®á®›á®á®¥á®”á®ªá®“,https://www.scriptsource.org/cms/scripts/page.php?item_id=script_detail&key=Sund,https://en.wikipedia.org/wiki/Sundanese_script,https://omniglot.com/writing/sundanesescript.htm,,https://www.unicode.org/L2/L2006/06002-n3022-sundanese.pdf
Sunu-274,Sunuwar âˆ sunuwar âˆ Jenticha âˆ Mukhiya script âˆ Jentich Sunuwar,Sunuwar âˆ KoÄ©ts Lipi âˆ Koinch âˆ Kiranti Koinch,https://www.scriptsource.org/cms/scripts/page.php?item_id=script_detail&key=Sunu,https://en.wikipedia.org/wiki/Sunuwar_alphabet,https://www.omniglot.com/writing/sunuwar.htm,,https://www.unicode.org/L2/L2021/21157-sunuwar.pdf
Syrc-135,Syriac âˆ syriaque âˆ Garshuni (Karshoni),ÜŸÜ Ü’Üª,https://www.scriptsource.org/cms/scripts/page.php?item_id=script_detail&key=Syrc,https://en.wikipedia.org/wiki/Syriac_alphabet,https://www.omniglot.com/writing/syriac.htm,,https://www.unicode.org/L2/L1998/98050-syriac-proposal.pdf
Mymr-350,Tai Laing âˆ Myanmar âˆ Burmese âˆ birman âˆ Mon-Burmese,Tai Laing âˆ á€™á€½á€”á€ºá€™á€¼á€”á€ºá€™á€¬á€¡á€€á€¹á€á€›á€¬ âˆ á€œá€á€„á€,https://www.scriptsource.org/cms/scripts/page.php?item_id=script_detail&key=Mymr,https://en.wikipedia.org/wiki/Burmese_numerals,https://www.omniglot.com/writing/burmese.htm,,https://www.unicode.org/L2/L2022/22046-myanmar-numerals.pdf
Tale-353,Tai Le âˆ taÃ¯-le,á¥–á¥­á¥° á¥˜á¥«á¥´ âˆ á¥“á¥£á¥³á¥ âˆ Dehong Dai âˆ Lik Tho Ngok,https://www.scriptsource.org/cms/scripts/page.php?item_id=script_detail&key=Tale,https://en.wikipedia.org/wiki/Tai_Le_script,https://www.omniglot.com/writing/dehongdai.htm,,https://www.unicode.org/L2/L2001/01369-n2372.pdf
Lana-351,Tai Tham âˆ Lanna âˆ taÃ¯ tham âˆ lanna âˆ Tua Mueang,á¨²á© á©…á©«á¨µá©¢á¨¾á© á¨¾á©¼ âˆ á¨²á© á©…á©«á¨¾á©®á©¥á©¬á¨¦ âˆ á¨¾á¨¶á©”á¨´ âˆ Dham âˆ Yuan,https://www.scriptsource.org/cms/scripts/page.php?item_id=script_detail&key=Lana,https://en.wikipedia.org/wiki/Tai_Tham_script,https://www.omniglot.com/writing/lanna.htm,,https://www.unicode.org/L2/L2007/07007r-n3207r-lanna.pdf
Lana-351,Tai Tham âˆ Lanna âˆ taÃ¯ tham âˆ lanna âˆ Tua Mueang,á¨²á© á©…á©«á¨µá©¢á¨¾á© á¨¾á©¼ âˆ á¨²á© á©…á©«á¨¾á©®á©¥á©¬á¨¦ âˆ á¨¾á¨¶á©”á¨´ âˆ Dham âˆ Yuan,https://www.scriptsource.org/cms/scripts/page.php?item_id=script_detail&key=Lana,https://en.wikipedia.org/wiki/Tai_Tham_script,https://www.omniglot.com/writing/lanna.htm,,https://www.unicode.org/L2/L2007/07007r-n3207r-lanna.pdf
Takr-321,Takri âˆ á¹¬ÄkrÄ« âˆ á¹¬Äá¹…krÄ« âˆ tÃ¢krÃ® âˆ Tankri,ğ‘š”ğ‘š­ğ‘šŠğ‘š¤ğ‘š¯ âˆ ğ‘š„ğ‘š«ğ‘š›ğ‘š²ğ‘šğ‘š®ğ‘šğ‘š­ âˆ ğ‘š”ğ‘š­ğ‘š«ğ‘šŠğ‘š¤ğ‘š¯,https://www.scriptsource.org/cms/scripts/page.php?item_id=script_detail&key=Takr,https://en.wikipedia.org/wiki/Takri_script,https://omniglot.com/writing/takri.htm,,https://www.unicode.org/L2/L2009/09424-takri.pdf
Taml-346,Tamil âˆ tamoul âˆ Tamiá¸» âˆ tamiz ezuttu,à®¤à®®à®¿à®´à¯ âˆ à®®à®©à®¤à®ª,https://www.scriptsource.org/cms/scripts/page.php?item_id=script_detail&key=Taml,https://en.wikipedia.org/wiki/Tamil_script,https://www.omniglot.com/writing/tamil.htm,,
Tnsa-275,Tangsa âˆ tangsa âˆ Mossang,ğ–ª°ğ–©µğ–ª‚ğ–ª«ğ–©¸ âˆ ğ–©´ğ–©µğ–©¶ğ–©· âˆ Muishvng âˆ Tangshang âˆ Hawa,https://www.scriptsource.org/cms/scripts/page.php?item_id=script_detail&key=Tnsa,https://en.wikipedia.org/wiki/Tangsa_language#Orthography,https://www.omniglot.com/writing/tangsa.htm,,https://www.unicode.org/L2/L2020/20259-tangsa-script.pdf
Tang-520,Tangut,ğ—¼‡ğ—Ÿ² âˆ ğ—€”ğ—¼˜ğ—…ğ—””,https://www.scriptsource.org/cms/scripts/page.php?item_id=script_detail&key=Tang,https://en.wikipedia.org/wiki/Tangut_numerals,https://www.omniglot.com/writing/tangut.htm,,https://www.unicode.org/L2/L2010/10095-n3797-tangut.pdf
Telu-340,Telugu âˆ tÃ©lougou,à°¤à±†à°²à±à°—à± âˆ à°¤à±†à°²à±à°—à± à°²à°¿à°ªà°¿ âˆ à°ªà°°à°¤à°¸,https://www.scriptsource.org/cms/scripts/page.php?item_id=script_detail&key=Telu,https://en.wikipedia.org/wiki/Telugu_script,https://omniglot.com/writing/telugu.htm,,https://www.unicode.org/L2/L2020/20085-telugu-nukta.pdf
Thai-352,Thai âˆ thaÃ¯,à¸ à¸²à¸©à¸²à¹„à¸—à¸¢ âˆ à¸¡à¸™à¸¸à¸©à¸¢à¹Œ,https://www.scriptsource.org/cms/scripts/page.php?item_id=script_detail&key=Thai,https://en.wikipedia.org/wiki/Thai_script,https://www.omniglot.com/writing/thai.htm,,
Tibt-330,Tibetan âˆ tibÃ©tain,à½–à½¼à½‘à¼‹à½¦à¾à½‘à¼‹ âˆ à½ à½‚à½–à½˜ âˆ Bodhi,https://www.scriptsource.org/cms/scripts/page.php?item_id=script_detail&key=Tibt,https://en.wikipedia.org/wiki/Tibetan_script,https://www.omniglot.com/writing/tibetan.htm,https://www.endangeredalphabets.net/tibetan/,https://www.unicode.org/L2/L1998/98218.pdf
*Tika-998,Tikamuli âˆ Sunuwar âˆ Sunwar,Tikamuli âˆ Jenticha,https://www.scriptsource.org/cms/scripts/page.php?item_id=script_detail&key=Qa19,https://en.wikipedia.org/wiki/Sunwar_language,https://www.omniglot.com/writing/tikamuli.htm,,https://www.unicode.org/L2/L2010/10465r-tikamuli.pdf
Tirh-326,Tirhuta âˆ tirhouta,à¦®à§ˆà¦¥à¦¿à¦¨à§€ âˆ ğ‘’®ğ‘’©ğ‘’«ğ‘’§ âˆ Maithili âˆ Mithilakshar,https://www.scriptsource.org/cms/scripts/page.php?item_id=script_detail&key=Tirh,https://en.wikipedia.org/wiki/Tirhuta_script,https://www.omniglot.com/writing/tirhuta.htm,https://www.endangeredalphabets.net/alphabets/tirhuta-mithilakshar/,https://www.unicode.org/L2/L2011/11175r-tirhuta.pdf
*Toch-998,Tocharian,Tocharian,,https://en.wikipedia.org/wiki/Tocharian_script,https://omniglot.com/writing/tocharian.htm,,https://unicode.org/L2/L2015/15023-tocharian.pdf
Tols-299,Tolong Siki âˆ tolong siki,Tolong Siki,https://www.scriptsource.org/cms/scripts/page.php?item_id=script_detail&key=Tols,https://en.wikipedia.org/wiki/Tolong_Siki,https://omniglot.com/writing/tolongsiki.htm,,https://www.unicode.org/L2/L2023/23024-tolong-siki.pdf
Tutg-341,Tulu-Tigalari âˆ tulu-tigalari,ğ‘¡ğ‘¹ğ‘”ğ‘³ğ‘¸ğ‘¬ğ‘¹ ğ‘­ğ‘¹ğ‘¦ğ‘¹ âˆ à²¤à³à²³à³,https://www.scriptsource.org/cms/scripts/page.php?item_id=script_detail&key=Tutg,https://en.wikipedia.org/wiki/Tigalari_script,https://omniglot.com/writing/tulu.htm,,https://www.unicode.org/L2/L2021/21210-tulu-tigalari.pdf
*Turk-998,Turkestani âˆ Tumshuqese âˆ Central Asian Nagari âˆ Uighur Brahmi,Turkestani Brahmi,https://www.scriptsource.org/cms/scripts/page.php?item_id=script_detail&key=Qa53,,,,https://unicode.org/L2/L2014/14192-turkestani.pdf
Vaii-470,Vai âˆ vaÃ¯,ê•™ê”¤ âˆ ê•‰ê•œê•®ê””,https://www.scriptsource.org/cms/scripts/page.php?item_id=script_detail&key=Vaii,https://en.wikipedia.org/wiki/Vai_syllabary,https://www.omniglot.com/writing/vaisyllabary.htm,,https://www.unicode.org/L2/L2005/05159-n2948-vai.pdf
*Vart-303,Vartu,Vartula âˆ Varula âˆ Wartu,https://www.scriptsource.org/cms/scripts/page.php?item_id=script_detail&key=Ranj,,,,https://www.unicode.org/L2/L2023/23028-ranjana.pdf
Wcho-283,Wancho âˆ wantcho,ğ‹’ğ‹€ğ‹‰ğ‹ƒğ‹• âˆ ğ‹ğ‹˜ğ‹€ğ‹,https://www.scriptsource.org/cms/scripts/page.php?item_id=script_detail&key=Wcho,https://en.wikipedia.org/wiki/Wancho_script,https://omniglot.com/writing/wanchoscript.htm,,https://www.unicode.org/L2/L2017/17067r2-n4787r2-wancho.pdf
Wara-262,Warang Citi âˆ Varang Kshiti âˆ warang citi âˆ Barang Kshiti,ğ‘¢¹ğ‘£—ğ‘£ğ‘£œğ‘£Š ğ‘¢¯ğ‘£‚ğ‘£•ğ‘£‚ âˆ ğ‘¢ ğ‘£€ğ‘¢¡ğ‘£,https://www.scriptsource.org/cms/scripts/page.php?item_id=script_detail&key=Wara,https://en.wikipedia.org/wiki/Warang_Citi,https://omniglot.com/writing/varangkshiti.htm,,https://www.unicode.org/L2/L2012/12118-n4259-warang-citi.pdf
graph-set-id,exonym,endonym,scriptsource,wikipedia,omniglot,endangeredalphabets,unicodeproposal
